﻿<?xml version="1.0" encoding="utf-8"?>
<tienda>
	<Proveedor>
		<proveedor>Pepe</proveedor>
		<Ciudad>Valencia</Ciudad>
		<Año>1997</Año>
			<Producto>
				<NomProd>Albaricoque</NomProd>
				<CategProd>A</CategProd>
				<Temporada>Verano</Temporada>
				<PrecioKg>2,10€</PrecioKg>
				<KgCaja>30</KgCaja>
				<fechainicial>04/07/2002</fechainicial>
			</Producto>
			<Producto>
				<NomProd>Cereza</NomProd>
				<CategProd>B</CategProd>
				<Temporada>Verano</Temporada>
				<PrecioKg>2,60€</PrecioKg>
				<KgCaja>25</KgCaja>
				<fechainicial>08/08/2000</fechainicial>
			</Producto>
			<Producto>
				<NomProd>Fresa</NomProd>
				<CategProd>A</CategProd>
				<Temporada>Primavera</Temporada>
				<PrecioKg>1,80€</PrecioKg>
				<KgCaja>35</KgCaja>
				<fechainicial>05/05/2006</fechainicial>
			</Producto>
	</Proveedor>
	<Proveedor>
		<proveedor>Ana</proveedor>
		<Ciudad>Castellón</Ciudad>
		<Año>1998</Año>
			<Producto>
				<NomProd>Kaki</NomProd>
				<CategProd>A</CategProd>
				<Temporada>Otoño</Temporada>
				<PrecioKg>2,90€</PrecioKg>
				<KgCaja>25</KgCaja>
				<fechainicial>02/10/2003</fechainicial>
			</Producto>
			<Producto>
				<NomProd>Manzana</NomProd>
				<CategProd>B</CategProd>
				<Temporada>Otoño</Temporada>
				<PrecioKg>3,40€</PrecioKg>
				<KgCaja>20</KgCaja>
				<fechainicial>20/10/2007</fechainicial>
			</Producto>
			<Producto>
				<NomProd>Melocotón</NomProd>
				<CategProd>A</CategProd>
				<Temporada>Verano</Temporada>
				<PrecioKg>3,10€</PrecioKg>
				<KgCaja>20</KgCaja>
				<fechainicial>03/08/2000</fechainicial>
			</Producto>
	</Proveedor>
	<Proveedor>
		<proveedor>Juan</proveedor>
		<Ciudad>Alicante</Ciudad>
		<Año>1997</Año>
			<Producto>
				<NomProd>Naranja</NomProd>
				<CategProd>C</CategProd>
				<Temporada>Invierno</Temporada>
				<PrecioKg>3,40€</PrecioKg>
				<KgCaja>25</KgCaja>
				<fechainicial>07/01/2002</fechainicial>
			</Producto>
			<Producto>
				<NomProd>Pera</NomProd>
				<CategProd>B</CategProd>
				<Temporada>Primavera</Temporada>
				<PrecioKg>2,90€</PrecioKg>
				<KgCaja>30</KgCaja>
				<fechainicial>02/06/2005</fechainicial>
			</Producto>
	</Proveedor>
	<Proveedor>
		<proveedor>María</proveedor>
		<Ciudad>Valencia</Ciudad>
		<Año>1999</Año>
			<Productos>
				<NomProd>Plátano</NomProd>
				<CategProd>C</CategProd>
				<Temporada>Invierno</Temporada>
				<PrecioKg>3,70€</PrecioKg>
				<KgCaja>20</KgCaja>
				<fechainicial>09/12/2005</fechainicial>
			</Productos>
			<Producto>
				<NomProd>Uva</NomProd>
				<CategProd>C</CategProd>
				<Temporada>Invierno</Temporada>
				<PrecioKg>3,20€</PrecioKg>
				<KgCaja>35</KgCaja>
				<fechainicial>09/12/2005</fechainicial>
			</Producto>
	</Proveedor>
</tienda>